마명,부마성적,모마성적
가나패션,16.0,9.0
가로수길,13.142857142857142,5.066666666666666
갈색향기,23.09090909090909,10.068965517241379
감곡선샤인,82.02702702702703,10.226854813421516
강력한지금,23.0,14.1
강서돌풍,23.09090909090909,17.0
강철부대,6.0,5.153846153846154
강철여걸,31.105263157894736,21.043478260869566
강토마,29.18421052631579,23.115384615384617
강한퀸,11.142857142857142,24.11111111111111
갤럭시삭스,31.105263157894736,10.226854813421516
갤럽컬린,37.125,10.226854813421516
거센돌풍,17.142857142857142,15.04
거센챔프,24.3125,10.226854813421516
건곤일척,15.090909090909092,6.083333333333333
걸작드림,19.0,21.076923076923077
걸작맨,24.066666666666666,10.226854813421516
걸작선,16.0,18.142857142857142
검은질주,29.18421052631579,3.0
검포,19.0,40.05714285714286
경부도령,50.25,18.107142857142858
고고고,5.428571428571429,11.0
고고스타,31.105263157894736,5.0
고마나루,72.09803921568627,5.045454545454546
고스트울프,23.09090909090909,10.226854813421516
고스트참,23.0,8.0
고업,11.0,10.226854813421516
고져스서브,20.181818181818183,7.3
골드마이티,16.0,3.1818181818181817
골드스파이크,11.0,21.105263157894736
골드윙,16.0,3.0714285714285716
골드카이저,17.142857142857142,7.0
골드케이,16.0,4.111111111111111
골드파워,19.0,23.08
골든럭키,24.066666666666666,10.226854813421516
골든서비스,20.181818181818183,0.25
골든아너,20.181818181818183,37.06976744186046
골든펄,17.142857142857142,8.333333333333334
광마힐,17.0,10.226854813421516
광명성,6.0,11.133333333333333
광양으뜸,22.09090909090909,7.2
광치기,50.25,5.0
교룡득수,19.0,22.08823529411765
구억마알,20.11111111111111,9.23076923076923
국대클래스,6.0,14.090909090909092
국제공항,27.166666666666668,10.226854813421516
국향,16.0,10.214285714285714
굿니센,19.0,10.226854813421516
굿사이먼,19.133333333333333,10.226854813421516
굿카보,31.105263157894736,12.076923076923077
굿필승,34.130434782608695,5.0
그랜드스타,44.09375,6.0
그랜드실버,24.066666666666666,12.181818181818182
그랜드파워,11.0,25.166666666666668
그레이스리,16.0,7.125
그레이스퀸,31.105263157894736,12.037037037037036
그레이캣,31.105263157894736,6.111111111111111
그레이토르,31.105263157894736,10.226854813421516
그레이트매직,19.133333333333333,4.0
그레이트선더,22.09090909090909,10.226854813421516
그로우,6.0,21.195121951219512
그린다르크,22.09090909090909,10.0625
그린드래건,11.142857142857142,33.06666666666667
그린백,24.066666666666666,15.0
그린불패,19.133333333333333,10.11111111111111
그린스파크,9.2,8.23076923076923
그린질주,37.172413793103445,12.08695652173913
그린폭주,16.0,6.25
그린필스타,20.181818181818183,3.375
글로리뷰,12.181818181818182,10.226854813421516
글로리앤아너,20.181818181818183,0.3333333333333333
글로리케이,17.142857142857142,18.05263157894737
글로벌강타,31.105263157894736,10.226854813421516
글로벌골드,6.0,10.226854813421516
글로벌럭키,25.058823529411764,5.166666666666667
글로벌매직,31.105263157894736,16.0
글로벌보배,31.105263157894736,19.0
글로벌삭스,16.357142857142858,10.226854813421516
글로벌선,19.0,10.226854813421516
글로벌스톰,17.0,0.5
글로벌신화,28.05,18.25
글로벌영웅,17.142857142857142,17.055555555555557
글로벌찬가,19.0,7.052631578947368
글로벌캐슬,31.105263157894736,7.25
글로벌캡틴,16.357142857142858,19.11111111111111
글로벌파워,31.105263157894736,7.2
글로벌프라임,23.09090909090909,10.226854813421516
금로열,13.142857142857142,7.1
금빛마,31.105263157894736,17.142857142857142
금빛천하,20.133333333333333,4.222222222222222
금성세계,5.428571428571429,21.153846153846153
금성스피드,19.0,16.142857142857142
금성시대,14.0,23.105263157894736
금성크라운,20.0,23.105263157894736
금성탈환,15.090909090909092,2.2666666666666666
금성환희,22.09090909090909,2.2666666666666666
금세다,29.18421052631579,13.047619047619047
금아스위프트,31.105263157894736,2.25
금아시크,47.04347826086956,10.226854813421516
금아애크미,62.11363636363637,19.032258064516128
금아얼루어,31.105263157894736,19.0
금아위티,20.133333333333333,10.226854813421516
금아파이어리,20.133333333333333,13.0
금아포쉬,19.0,3.0
금자유,23.133333333333333,10.226854813421516
기쁨환호,21.0,18.11627906976744
김천영웅,20.1,10.115384615384615
깡돌이,19.0,7.0
꿈의순간,23.09090909090909,0.5
나나랜드,17.142857142857142,9.0
나노메타,23.0,13.071428571428571
나올세상,19.0,2.3333333333333335
나올스나이퍼,20.181818181818183,12.121212121212121
나올스카이,24.157894736842106,10.226854813421516
나올시대,3.0,10.226854813421516
나올에이스,19.0,29.106382978723403
나올천지,20.181818181818183,18.0
나올킹,31.105263157894736,5.083333333333333
나올탱크,14.076923076923077,10.226854813421516
나올행복,31.105263157894736,19.16
나우누리,31.105263157894736,20.1
나의나라,31.105263157894736,11.142857142857142
나인아이,23.09090909090909,35.108108108108105
남산꽃,31.105263157894736,9.222222222222221
남산러브,14.0,10.083333333333334
남산무적,23.09090909090909,2.1666666666666665
남산시대,31.105263157894736,22.066666666666666
남산의별,11.0,14.083333333333334
남산주몽,12.142857142857142,13.133333333333333
남산초콜릿,16.0,2.2222222222222223
남산호랑이,29.18421052631579,13.125
낭주여걸,17.142857142857142,0.058823529411764705
내길의별,23.0,4.166666666666667
내길의퀸,50.25,14.0
너를응원해,8.0,22.272727272727273
너트플레이,5.428571428571429,14.12
네모스피릿,19.133333333333333,8.076923076923077
네모프린세스,11.0,10.0
네모프린스,50.25,20.161290322580644
네버네버스톱,15.11111111111111,11.2
네버어게인,20.181818181818183,17.074074074074073
네이비크롬,56.03703703703704,11.083333333333334
넥스트레벨,16.0,9.071428571428571
노던타임,8.0,10.226854813421516
논스톱기상,17.142857142857142,17.058823529411764
논스톱리워드,20.071428571428573,23.136363636363637
논스톱위닝,22.12,10.226854813421516
논스톱캣,24.3125,15.222222222222221
농본바다,29.076923076923077,11.272727272727273
누비강자,20.0,16.115384615384617
누비고,29.18421052631579,16.115384615384617
뉴문워리어,31.105263157894736,5.0
뉴스마트,18.0625,24.11904761904762
뉴스타영천,23.09090909090909,18.105263157894736
뉴청파,20.181818181818183,5.0588235294117645
뉴킹맨,34.130434782608695,10.226854813421516
늘가을,20.133333333333333,4.0
님의향기,16.0,11.047619047619047
다나은로즈,21.0,13.25
다산질주,14.0,18.0
다시태어나도,5.428571428571429,15.09375
다운더존,19.0,4.0606060606060606
다울퀸,5.428571428571429,10.226854813421516
다이아마이트,19.0,23.11764705882353
다이아키,49.12,9.0
다이아파워캣,19.133333333333333,23.08695652173913
다크존,15.090909090909092,15.128205128205128
다크플레이어,6.0,9.4
다프네,23.09090909090909,8.12
달금,20.133333333333333,22.05
당찬낭보,22.09090909090909,18.185185185185187
당찬세력,16.1,19.11111111111111
대군파워,22.0,7.0
대륜시대,27.076923076923077,3.0
대륜함성,22.09090909090909,10.226854813421516
대마지풍,44.24242424242424,3.0
대물,23.09090909090909,10.226854813421516
대박삭스,16.0,10.226854813421516
대박스타,20.0,2.0
대박행진,16.2,34.170731707317074
대사리,11.142857142857142,19.055555555555557
대산특급,24.066666666666666,2.3
대세만세,17.142857142857142,23.114285714285714
대승가온,5.428571428571429,10.226854813421516
대완구,31.105263157894736,10.142857142857142
대왕삭스,19.0,16.15
대지의여인,19.133333333333333,2.25
대천뷰티,16.0,5.2727272727272725
대천얼짱,14.166666666666666,4.166666666666667
대천챔프,16.0,3.090909090909091
대한질주,25.227272727272727,13.11111111111111
대흥클래스,14.0,6.0
댄싱위드유,19.0,2.2
더검푸,8.125,27.159420289855074
더드림캐리어,14.1,10.226854813421516
더록선샤인,16.0,18.026315789473685
더리퍼,19.0,14.166666666666666
더블블랙,16.0,16.1
더블에지,31.105263157894736,5.333333333333333
더블테이크,17.142857142857142,5.136363636363637
더스파이커,27.166666666666668,2.3333333333333335
더퀸저스티스,23.09090909090909,6.148148148148148
더트서퍼,29.076923076923077,28.153846153846153
더파이팅,24.066666666666666,10.226854813421516
더페이버릿,19.0,10.226854813421516
데블케이,15.090909090909092,16.09090909090909
데스크탑,6.0,10.226854813421516
델피니,31.105263157894736,10.226854813421516
도깨비,50.166666666666664,10.226854813421516
도끼불패,31.105263157894736,2.571428571428571
도끼블레이드,20.11111111111111,13.2
도리포,21.0,8.047619047619047
돈마,19.0625,34.3125
돌격앞으로,3.0,10.226854813421516
돌배,16.0,12.0
돌아온날리,9.0,10.226854813421516
돌아온뽀빠이,12.125,13.083333333333334
돌콩,28.083333333333332,14.2
동방사기,14.0,10.226854813421516
동방의혼,31.105263157894736,2.0
동서여걸,31.105263157894736,17.0
동진최강,20.11111111111111,14.176470588235293
동트자웨이,23.25,27.181818181818183
동행,13.26923076923077,10.226854813421516
두손드라이브,19.0,9.0
두손멍군,10.166666666666666,10.226854813421516
두손장군,31.142857142857142,3.0
두손챔프,36.05555555555556,21.105263157894736
두손클래식,5.428571428571429,13.090909090909092
두손판타스틱,16.1,0.5
드래곤스타,20.181818181818183,12.214285714285714
드림노크,17.142857142857142,10.226854813421516
드림로즈,11.0,12.0
드림맥스,5.428571428571429,10.226854813421516
드림스카이,32.08,10.226854813421516
드림스피드,20.181818181818183,10.226854813421516
드림여왕,36.08,18.037037037037038
드림윈디,5.428571428571429,19.05263157894737
드림케이,16.357142857142858,10.226854813421516
드림패션,16.0,17.043478260869566
디바인퓨처즈,18.0,3.0
디스챌린지,8.0,9.25
디스코보이,17.142857142857142,6.2
디에코,31.105263157894736,9.090909090909092
디자이어투윈,6.0,15.09375
디터미네이션,5.428571428571429,5.4
딕시어게인,26.26086956521739,10.226854813421516
딘시챔프,24.066666666666666,3.3333333333333335
땡큐대천,14.166666666666666,6.111111111111111
떠오르다,23.09090909090909,18.2
라게르타,11.0,10.226854813421516
라누트,19.0,11.0
라로마네,45.16129032258065,27.166666666666668
라스트보스,17.142857142857142,8.0
라스트콜,24.066666666666666,11.0
라스트펀치,24.066666666666666,11.0
라스트피치,31.105263157894736,7.222222222222222
라온다이아,24.3125,12.043478260869565
라온더골드,24.3125,15.071428571428571
라온더스퍼트,24.3125,12.043478260869565
라온더아리아,24.3125,8.25
라온더와일드,22.09090909090909,18.047619047619047
라온더위켄드,6.0,3.0
라온더제트,24.3125,42.1764705882353
라온더찰리,24.3125,34.205882352941174
라온더코브라,24.3125,7.1
라온더퀄리티,24.3125,12.043478260869565
라온더타이거,22.09090909090909,10.226854813421516
라온더특급,24.3125,11.08
라온더파이터,20.2,10.226854813421516
라온더펄,11.0,6.0
라온더플래터,13.0,37.214285714285715
라온더하이맨,24.3125,19.058823529411764
라온비트,24.3125,11.08
라온샹젤리,24.3125,3.0
라온슈퍼킹,17.142857142857142,6.042553191489362
라온스파이크,24.3125,14.076923076923077
라온시티걸,14.0,23.235294117647058
라온아메리칸,24.3125,18.047619047619047
라온에어포스,20.181818181818183,15.130434782608695
라온자이언트,24.3125,11.08
라온점프,24.3125,13.1
라온탑맨,24.3125,18.047619047619047
라온패션,16.0,42.1764705882353
라온퍼스트,24.3125,13.333333333333334
라온포레스트,19.0,10.226854813421516
라온핑크,24.3125,13.333333333333334
라온홀리데이,24.3125,2.0
라이드럭키,16.0,2.25
라이오넷,15.0,10.23076923076923
라이징호크,23.09090909090909,19.0
라피도아레스,9.2,9.0
라피어반,8.125,10.226854813421516
랠리퀸,31.105263157894736,3.0
러너몬스터,19.133333333333333,10.11111111111111
러닝넘버원,17.142857142857142,22.11764705882353
러블리케이,11.0,4.0
러피언이글,26.26086956521739,10.226854813421516
럭센,11.153846153846153,10.226854813421516
럭셔리캡틴,30.1,7.090909090909091
럭셔리킹,58.15873015873016,18.0
럭키법전,19.0,27.045454545454547
럭키선,24.066666666666666,5.333333333333333
럭키월드,19.0,15.136363636363637
럭키인디,15.090909090909092,12.11111111111111
럭키재산,19.0,6.0
럭키크라운,15.090909090909092,12.214285714285714
럭키클럽,19.133333333333333,11.071428571428571
럭키파워,23.09090909090909,16.136363636363637
럭키허니,14.0,10.226854813421516
럭키훈,20.214285714285715,14.166666666666666
런던명가,17.142857142857142,12.148148148148149
런던비상,15.090909090909092,5.1
런던스카이,14.0,33.111111111111114
런던스피드,24.066666666666666,9.090909090909092
런던액티브,24.066666666666666,9.0
런던에이스,17.142857142857142,21.076923076923077
런던퀸,20.0,15.09375
런던파워,16.0,10.226854813421516
런런런,31.105263157894736,8.12
런보이런,21.214285714285715,5.083333333333333
레드백,31.105263157894736,10.226854813421516
레드태풍,20.181818181818183,10.226854813421516
레몬블레이드,31.105263157894736,10.226854813421516
레이디켈리,18.0,11.047619047619047
레이먼드,11.11111111111111,2.0
레이볼트,23.09090909090909,10.226854813421516
레이스위너,20.166666666666668,10.226854813421516
레전드데이,20.166666666666668,10.226854813421516
레전드삭스,31.105263157894736,10.226854813421516
레전드케이,6.0,13.130434782608695
로드반,5.0,10.226854813421516
로드에이스,43.111111111111114,10.133333333333333
로스트워,24.22222222222222,19.24137931034483
로열로드,14.142857142857142,0.5
로열장다크,24.210526315789473,27.17142857142857
로열태리,14.0,8.05
로열함성,24.058823529411764,10.226854813421516
로즈골드,45.16129032258065,11.0
로터스미르,30.105263157894736,0.25
록라인,20.1,23.076923076923077
록의제왕,12.125,10.226854813421516
록임팩트,20.1,16.142857142857142
록파이터,20.1,0.18181818181818182
루나실버,19.133333333333333,18.0
루미너스퀸,19.133333333333333,10.226854813421516
루이사,23.0,28.17391304347826
루킹굿,23.0,5.4
룰즈클래스,31.105263157894736,19.08695652173913
리걸하이,15.090909090909092,16.076923076923077
리마커블,24.066666666666666,8.148148148148149
리버태양,23.09090909090909,5.0
리얼팩,20.11111111111111,3.0
리월마,14.0,21.142857142857142
리치게이트,11.142857142857142,21.14814814814815
릴패트론,21.082240385294405,23.2972972972973
마구마,23.0,18.16
마루마,23.09090909090909,9.25
마바위,20.1,17.151515151515152
마스크,29.18421052631579,10.226854813421516
마에스트라,23.09090909090909,25.17391304347826
마에스트로,24.066666666666666,28.071428571428573
마의웨이,20.181818181818183,18.106382978723403
마이공주,20.133333333333333,7.0
마이원,20.133333333333333,10.105263157894736
마이윈,43.111111111111114,25.09090909090909
마이티고,20.166666666666668,0.3333333333333333
마이티굿,58.15151515151515,19.166666666666668
마이티뉴,24.083333333333332,10.226854813421516
마이티렘,36.125,5.166666666666667
마이티선샤인,15.1,16.142857142857142
마이티수,13.1,5.333333333333333
마이티쎈,19.0,32.06666666666667
마이티앤,22.09090909090909,13.09375
마이티웰,17.0,9.11111111111111
마이티지,35.0,24.16
마이티칩,27.166666666666668,10.226854813421516
마이티큐,14.076923076923077,2.0
마이티킥,20.214285714285715,10.226854813421516
마이티팝,13.1,2.142857142857143
마이티후,14.0,22.0
마파람,6.0,9.071428571428571
마하걸,28.0,10.226854813421516
마하스타,12.10344827586207,22.055555555555557
만석지기,20.0,10.226854813421516
만세,28.083333333333332,7.0
매디슨마운틴,22.09090909090909,10.222222222222221
매디슨뮤직,20.0,10.222222222222221
매직그레이스,38.06896551724138,18.071428571428573
매직러시,38.06896551724138,15.125
매직모카신,6.0,10.226854813421516
매직아워,18.125,10.226854813421516
매직조이,38.06896551724138,3.25
매직주니어,38.06896551724138,11.157894736842104
매직주드,38.06896551724138,11.157894736842104
매직콘서트,38.06896551724138,15.125
매직타이드,38.06896551724138,19.153846153846153
머니가락,49.12,0.08333333333333333
머니스톤,44.09375,2.1176470588235294
머니시장,31.105263157894736,11.0625
머니신,22.09090909090909,6.071428571428571
머니장군,41.13513513513514,4.111111111111111
머니지프,17.0,26.107142857142858
머니챔프,50.25,10.226854813421516
머니탑,22.266666666666666,0.08333333333333333
머스탱참,31.105263157894736,25.05
머스탱파워,11.142857142857142,10.226854813421516
멋진강호,11.0,3.25
멋진기록,24.066666666666666,7.125
멋진왕자,16.266666666666666,10.226854813421516
메니골드,23.09090909090909,7.0
메니스피드,23.09090909090909,10.226854813421516
메니스피어,23.09090909090909,3.1666666666666665
메니에이스,23.09090909090909,25.17391304347826
메니원더풀,11.0,36.18518518518518
메니챔프,23.09090909090909,3.0
메니포켓,31.105263157894736,36.18518518518518
메니히어로,23.09090909090909,45.13157894736842
메디치울프,18.133333333333333,10.226854813421516
메이블레이드,31.105263157894736,10.226854813421516
메인오브킹,16.0,1.0
메타블레이드,5.428571428571429,25.136363636363637
명진데이,22.09090909090909,17.103448275862068
명진캔디,23.09090909090909,16.071428571428573
명품축제,23.0,36.111111111111114
모닝파이브,18.130434782608695,10.226854813421516
모닝펄,18.130434782608695,18.2
모닝프린스,18.130434782608695,10.226854813421516
모닝힐,18.130434782608695,12.1
모르피스,17.09090909090909,24.147058823529413
모스트스피드,23.0,13.142857142857142
몬스터케이,15.25,5.2
몬스터파워,23.09090909090909,7.0
문더스트,12.125,10.090909090909092
문학다이얼,11.0,7.0
문학드림,15.0,11.076923076923077
문학럭키,33.142857142857146,17.0
문학문,15.0,10.226854813421516
문학보스,20.166666666666668,3.0
문학선,15.0,10.226854813421516
문학송,11.125,10.226854813421516
문학스톰,40.074074074074076,5.375
문학스트롱,8.125,44.03030303030303
문학시바,31.153846153846153,10.226854813421516
문학앙코르,16.0,13.25
문학어플리트,28.083333333333332,5.214285714285714
문학엠파이어,18.125,10.226854813421516
문학이든,15.11111111111111,7.055555555555555
문학젠야타,17.0,10.226854813421516
문학치프,17.1,5.375
문학킹,32.13333333333333,10.226854813421516
문학태핏,13.0,7.055555555555555
문학파이어,32.08,10.226854813421516
문학포리스트,16.0,21.142857142857142
미라클도터,31.105263157894736,29.0
미라클케이,32.08,10.226854813421516
미르베스트,58.15873015873016,10.226854813421516
미르스톰,14.142857142857142,10.226854813421516
미르파워,29.18421052631579,0.08
미르포인트,18.0,10.226854813421516
미사일캔디,23.09090909090909,12.19047619047619
미스양호,17.142857142857142,6.0
미스윈스타,6.0,21.076923076923077
미스터스타,23.0,41.10344827586207
미스하이플라이,16.3,10.226854813421516
바다의꿈,36.08,11.055555555555555
바디스타,18.0,37.125
바람과함께,19.0,10.226854813421516
바람살,17.208333333333332,3.0
바람의검,23.0,2.032258064516129
바램,37.172413793103445,8.090909090909092
바로챔피언,22.266666666666666,15.133333333333333
바로퀸,19.0,10.226854813421516
바이스로이,16.0,16.0
바이킹스톰,12.181818181818182,10.226854813421516
바이킹하트,31.105263157894736,10.226854813421516
바잉블레이드,31.105263157894736,29.12121212121212
반도희망,15.090909090909092,9.090909090909092
발바투,19.0,7.111111111111111
발베니,33.04761904761905,15.066666666666666
배다리공주,5.428571428571429,13.272727272727273
배다리왕자,15.090909090909092,12.15
배다리캔디,32.2,16.11764705882353
배다리쾌검,31.105263157894736,14.2
백두걸,19.0,22.142857142857142
백두멋쟁이,17.142857142857142,11.1
백두미인,4.0,8.133333333333333
백두보이,23.0,12.1
백색광채,49.12,14.12
벌말대장,24.066666666666666,2.5
베링맨,20.166666666666668,20.166666666666668
베스트럭키,5.428571428571429,10.226854813421516
베스트리치,16.0,3.3333333333333335
베스트매드캠,31.105263157894736,3.3333333333333335
베스트빅뱅,31.105263157894736,3.142857142857143
베스트선,17.142857142857142,20.11111111111111
베스트스톰,44.09375,20.25
베스트야,21.0,6.0
베스트전사,14.0,3.0
베스트천상,17.142857142857142,12.352941176470589
베스트클론,19.0,22.055555555555557
베스트타임,18.0625,10.226854813421516
베스트탑,19.0625,8.0
베스트토치,14.0,12.352941176470589
베스트팔콘,20.181818181818183,2.1176470588235294
베스트플랜,8.0,10.226854813421516
베스퍼,20.11111111111111,10.226854813421516
벤칼프린세스,31.105263157894736,0.3333333333333333
벼락,29.18421052631579,21.153846153846153
별나라비마,50.166666666666664,7.125
별나라신사,20.166666666666668,10.226854813421516
별나라질주,7.111111111111111,7.0
별빛마루,16.0,57.14
별빛보석,24.066666666666666,17.23076923076923
별의순간,23.09090909090909,0.5
보디가드,30.058823529411764,15.105263157894736
보스베이비,16.0,20.17391304347826
볼드어게인,31.105263157894736,10.226854813421516
볼트맨,11.0,13.071428571428571
봄날의기억,5.428571428571429,7.166666666666667
부스터로켓,24.3125,10.226854813421516
불방울,19.0,8.0
불의가속,31.105263157894736,10.0
불의꽃,31.105263157894736,3.2857142857142856
불의날개,15.090909090909092,4.1875
불의신화,5.428571428571429,15.055555555555555
불의여왕,31.105263157894736,2.0
불화산,19.0,10.226854813421516
브라운,30.058823529411764,22.142857142857142
브라운참,17.142857142857142,23.238095238095237
브라운퀸,30.11764705882353,5.153846153846154
브레인스피더,20.11111111111111,10.226854813421516
브리가디어제너럴,9.0,15.181818181818182
브이퀸,19.0,0.3333333333333333
블랙건,20.181818181818183,17.181818181818183
블랙루키,16.0,9.157894736842104
블랙마스크,20.181818181818183,10.226854813421516
블랙머스크,37.172413793103445,10.226854813421516
블랙버미,31.105263157894736,28.103448275862068
블랙실버,5.0,19.227272727272727
블랙참,29.18421052631579,23.238095238095237
블랙초콜릿,23.09090909090909,5.2
블레싱로드,16.0,16.096774193548388
블로마인드,20.133333333333333,10.226854813421516
블루밍스타,31.105263157894736,5.0
블루아치,11.142857142857142,5.0
블루인디,17.142857142857142,18.041666666666668
블루참,5.428571428571429,23.238095238095237
블루카이저,31.105263157894736,17.03846153846154
블루키톤,29.105263157894736,0.5
비바소모,82.02702702702703,12.1875
비에스에너지,14.0,10.226854813421516
비에스파워,26.09090909090909,10.226854813421516
비엔토,19.0,8.0
비전스타,20.133333333333333,13.0
비제이스톰,21.214285714285715,13.076923076923077
비트레이서,24.066666666666666,5.0
비트업,20.181818181818183,8.071428571428571
비플라워,50.25,10.226854813421516
빅레드,31.105263157894736,10.226854813421516
빅비트,16.0,12.12
빅스고,4.0,10.226854813421516
빅스마트,17.208333333333332,13.157894736842104
빅야크,20.0,10.226854813421516
빅에너지,31.105263157894736,6.0
빅터문,5.0,10.226854813421516
빅토리샘,31.105263157894736,18.130434782608695
빅트리플,14.0,10.226854813421516
빈체로킹,15.090909090909092,16.17948717948718
빛나는질주,13.142857142857142,13.11111111111111
빛의대륙,14.0,13.148148148148149
빛의카,22.266666666666666,12.23076923076923
사랑다모아,8.0,16.166666666666668
사려니로키,31.105263157894736,13.08695652173913
사려니퀸,18.0,11.130434782608695
사려니퍼스트,11.0,15.125
사이먼퀸,19.133333333333333,22.0
삼바존,24.066666666666666,8.3
상승행진,22.09090909090909,10.226854813421516
새내비바,19.0,10.226854813421516
새내선,11.0,10.226854813421516
새내윈,16.0,10.226854813421516
새내칸,6.0,22.033333333333335
새내퀸,16.2,16.125
새내타운,20.133333333333333,7.0
새내파워풀,16.0,7.1
새내황제,19.0,22.0
새로운빛깔,6.0,3.1333333333333333
새벽밴드,26.153846153846153,10.226854813421516
샤인온미,20.181818181818183,10.226854813421516
샤크짱,6.333333333333333,10.226854813421516
샤크플레이,19.0,6.111111111111111
샴로커,8.181818181818182,3.0
서니블레이드,32.08,17.125
서브에이스,11.0,10.226854813421516
서울스퍼트,18.0,7.1875
서울을날다,15.090909090909092,10.226854813421516
서울의별,58.15873015873016,20.18918918918919
서울크라운,15.1,10.226854813421516
서울탱크,25.193548387096776,3.1052631578947367
선더갤러퍼,82.02702702702703,10.226854813421516
선더브라보,16.0,7.125
선더블루,6.0,7.285714285714286
선더윈드,6.0,8.071428571428571
선더타임,19.11764705882353,0.2857142857142857
선더플래시,6.0,11.030303030303031
선더호스,29.18421052631579,10.226854813421516
선드래곤,20.1,17.1
선라이팅,16.3,8.090909090909092
선파이팅,20.1,10.226854813421516
선포레,17.157894736842106,8.11111111111111
성불축제,17.142857142857142,14.047619047619047
성실공주핑크,19.0,10.226854813421516
성실머니,11.0,31.055555555555557
성실태양,16.0,5.090909090909091
성실핑크,15.090909090909092,8.071428571428571
성은크라운,5.428571428571429,14.2
세륭,31.105263157894736,14.222222222222221
세명강자,26.26086956521739,11.11111111111111
세명기상,19.0625,17.058823529411764
세명나래,19.0,7.0
세명레이디,32.08,10.226854813421516
세명캡틴,11.0,0.1111111111111111
세인트루카,32.08,10.226854813421516
센스쟁이,16.357142857142858,10.226854813421516
소베라니아,19.0,14.2
소울메리트,29.0,2.0
소호승리,24.066666666666666,9.11111111111111
송암누리,11.142857142857142,16.05263157894737
송암드래건,23.25,10.226854813421516
송암레이서,45.16129032258065,5.0
송암레전드,23.25,0.3333333333333333
송암베스트,23.25,10.090909090909092
송암에이스,23.09090909090909,10.090909090909092
송암캣,16.0,19.08695652173913
송암티즈,11.0,10.090909090909092
쇠와꽃,16.0,11.043478260869565
수리수리마,13.0625,18.11111111111111
순간터치,17.142857142857142,4.375
슈발도리앙,17.142857142857142,10.226854813421516
슈어윈,9.0,9.090909090909092
슈팅리버스,20.181818181818183,5.181818181818182
슈퍼삭스,22.083333333333332,10.226854813421516
슈퍼엑톤,26.26086956521739,14.23076923076923
슈퍼제나이,31.105263157894736,11.125
슈퍼피니시,23.0,10.226854813421516
슈프림스타,15.0,10.226854813421516
슛업스파크,12.181818181818182,3.2
스마트그린,24.066666666666666,3.235294117647059
스마트별,50.25,8.133333333333333
스마트블루,20.181818181818183,6.230769230769231
스마트삭스,31.105263157894736,13.105263157894736
스마트오피서,20.11111111111111,10.226854813421516
스마트전사,22.09090909090909,0.1111111111111111
스마트파워,31.105263157894736,10.105263157894736
스마티글로리,31.071428571428573,16.047619047619047
스마티대세,31.071428571428573,16.047619047619047
스위트주스바,11.0,2.0
스위트카카오,19.0,3.0
스위트플레이,20.133333333333333,10.226854813421516
스카이돌풍,15.1,10.153846153846153
스카이망치,11.166666666666666,18.0
스카이퓨처,20.166666666666668,19.09090909090909
스타러시,33.05555555555556,12.15
스타블레이드,20.11111111111111,17.2
스타워즈,29.18421052631579,10.226854813421516
스타케이,5.428571428571429,10.226854813421516
스타크레이지,22.09090909090909,10.226854813421516
스타태풍,15.090909090909092,81.07407407407408
스타프린세스,23.0,16.214285714285715
스탈렛,23.09090909090909,10.090909090909092
스탠바이미,16.0,10.226854813421516
스트라이드업,58.15873015873016,0.1
스트롱러너,29.18421052631579,5.027777777777778
스트롱벌처,29.18421052631579,28.17241379310345
스트롱참,23.09090909090909,14.066666666666666
스틸플레이,29.18421052631579,12.1875
스파이스타워,34.125,23.11111111111111
스팟플래터,31.105263157894736,10.226854813421516
스페셜스토리,22.12,14.153846153846153
스포블레이드,32.08,17.125
스프링꿈,24.22222222222222,10.226854813421516
스프링백,15.0,10.226854813421516
스프링워터,6.0,17.25
스프링킹,20.181818181818183,10.226854813421516
스피돔,25.227272727272727,10.226854813421516
스피드갤럽,16.0,12.1
스피드에이스,14.142857142857142,0.5
스피어골드,21.0,27.05263157894737
스피어퀸,15.090909090909092,4.142857142857143
슬립웰,3.0,10.226854813421516
승리의영혼,6.0,2.2222222222222223
승부사,13.26923076923077,10.226854813421516
시리우스알파,17.11111111111111,11.1
시리우스에이,5.0,10.226854813421516
시선주마,20.11111111111111,3.125
시선집중,45.16129032258065,27.166666666666668
시크릿보스,34.10526315789474,9.23076923076923
시크릿킹,16.0,9.23076923076923
시크릿플레이,19.0,10.226854813421516
시티참,17.142857142857142,13.125
신의반전,29.18421052631579,21.125
신의아들,23.09090909090909,30.153846153846153
신의여인,21.082240385294405,20.217391304347824
신의한수,24.066666666666666,3.0
신주류,22.09090909090909,18.0
신풍여걸,17.142857142857142,9.25
신한특송,19.0,13.047619047619047
실버부스터,24.066666666666666,3.0
실버스타,16.0,18.0
심장의고동,53.08,6.0
심플스타일,5.428571428571429,13.125
싱싱메리,32.08,19.0
쌍옥루,6.0,11.25
쏘아라바바,31.105263157894736,31.214285714285715
쓸모,22.09090909090909,11.11111111111111
씽씽씽,19.0,10.226854813421516
아깽이,14.0,8.071428571428571
아델머스탱,23.09090909090909,25.05
아라모아,22.0,43.233333333333334
아라챔프,20.181818181818183,21.2
아로마,19.0625,10.226854813421516
아르고공주,17.142857142857142,20.08695652173913
아르고꾸숑,20.181818181818183,14.117647058823529
아르고리치,5.428571428571429,29.106382978723403
아르고무적,31.105263157894736,5.0
아르고탑,22.266666666666666,11.095238095238095
아르폰스,16.357142857142858,17.037037037037038
아름다운사이,29.18421052631579,18.09090909090909
아마존킹,6.0,0.125
아만바로우즈,29.18421052631579,17.043478260869566
아메리칸포스원,15.0,10.226854813421516
아미고라로,36.130434782608695,10.226854813421516
아스펜로스,9.0,10.226854813421516
아스펜태양,32.08,10.226854813421516
아이스스타,22.09090909090909,10.226854813421516
아이스크림,6.0,11.25
아이스펀치,19.0,10.226854813421516
아이언머스킷,24.3125,0.5
아이언삭스,36.05555555555556,10.226854813421516
아임포스원,23.0,10.226854813421516
아치러너,11.142857142857142,18.166666666666668
아치리버,11.142857142857142,8.3
아치메모리,11.142857142857142,3.4
아치참,20.181818181818183,5.0
아침기상,5.428571428571429,22.1
아침누리,13.1,5.0
아침동자,19.0,16.09090909090909
아침함성,22.09090909090909,20.105263157894736
안양폭격기,14.0,20.05
안양호랑이,30.076923076923077,13.0
알렉산더원,11.0,10.226854813421516
알사이먼,19.133333333333333,0.09090909090909091
알찬누리,23.0,6.0
압구정치타,23.09090909090909,10.226854813421516
액티몬,20.153846153846153,9.125
앱설루트명작,16.181818181818183,10.226854813421516
야무진배짱,20.1,13.11111111111111
야무진새강자,20.1,8.142857142857142
야무진왕초,15.090909090909092,10.226854813421516
야무진재수,18.125,10.226854813421516
야호골든캣,31.105263157894736,8.066666666666666
어나더레벨,21.0,24.083333333333332
어디가나,31.071428571428573,10.226854813421516
어마어마,9.0,12.1
어메이징위즈,20.1,10.226854813421516
어서와,31.105263157894736,10.226854813421516
어카운트,31.153846153846153,5.125
엄청난걸,13.26923076923077,7.0
엉클오,21.0,10.226854813421516
에너자이저,16.0,23.275
에스테이크,17.142857142857142,35.06382978723404
에이스퀸,6.0,14.176470588235293
에이스플랜,8.0,10.226854813421516
에이스함성,18.0,6.0
에이원스타,23.0,18.105263157894736
에이투제트,31.105263157894736,22.151515151515152
에이피파텍,22.1,16.06896551724138
에코빌,8.0,10.0
에코존,31.105263157894736,19.136363636363637
에펠탑,11.0,33.26470588235294
엑톤질주,26.26086956521739,19.0
엔비전사,17.142857142857142,11.272727272727273
엘리트라인,9.142857142857142,16.0
엘리트룰즈,31.105263157894736,10.226854813421516
엠제이베스트,31.105263157894736,25.076923076923077
엠제이스톰,23.09090909090909,25.047619047619047
엠제이타임,21.0,25.047619047619047
엠제이파워,18.153846153846153,10.226854813421516
엠제이포인트,18.0,10.226854813421516
연희사랑,16.0,4.2
연희일출,11.0,16.043478260869566
열린문,22.09090909090909,9.090909090909092
영광의미소,19.0,7.0
영영삭스,20.0,3.0
영웅대마,23.0,8.125
예술이야,20.0,16.041666666666668
옐로우캣,26.153846153846153,18.0
오래함께하자,17.142857142857142,10.226854813421516
오섬스프링스,27.166666666666668,10.226854813421516
오천복,23.09090909090909,10.226854813421516
옥동공주,9.0,11.142857142857142
옥룡,27.166666666666668,9.11111111111111
옥스퍼드킹,36.130434782608695,3.25
옥천최강,15.090909090909092,12.125
온리위너,16.0,17.166666666666668
온포인트,21.214285714285715,4.083333333333333
올가림,19.0,10.226854813421516
올드스타트,16.0,13.0
올포유어드림,12.10344827586207,7.15
와우와우,31.105263157894736,20.153846153846153
와일드러너,14.0,10.226854813421516
와일드삭스,19.0,10.226854813421516
와일드킹덤,9.0,12.0
와일들리로맨틱,20.2,10.226854813421516
왕벚꽃,18.22222222222222,11.11111111111111
용비서울,6.0,10.263157894736842
용비퀸,19.0,10.226854813421516
용암보스,31.105263157894736,4.0
용천지상,6.0,11.173913043478262
용호지마,17.142857142857142,5.0
우뚝,13.26923076923077,13.10344827586207
우리,29.05263157894737,9.166666666666666
우승바람,23.09090909090909,10.226854813421516
우아륭,29.18421052631579,23.043478260869566
우주의봄,19.0,12.0
우청륭,24.066666666666666,29.060606060606062
운외창천,5.0,14.1
울트라갤럭시,23.0,9.071428571428571
울트라삭스,16.0,31.076923076923077
울트라킹,17.142857142857142,9.2
울프플레이,11.0,8.3
원더루키,16.0,1.0
원더케이,6.0,10.226854813421516
원더풀데블,29.18421052631579,10.226854813421516
원더풀루비,29.18421052631579,7.0
원더풀리걸,20.133333333333333,36.12903225806452
원더풀머스킷,24.3125,17.11764705882353
원더풀뮤직,11.0,8.115384615384615
원더풀샘,24.066666666666666,8.0
원더풀섀도우,16.0,18.11111111111111
원더풀우먼,24.3125,9.0
원더풀위싱,20.133333333333333,10.226854813421516
원더풀위크,17.142857142857142,10.226854813421516
원더풀인디,20.133333333333333,5.0
원더풀조이,35.0,15.1
원더풀캣,22.1,12.041666666666666
원더풀케이,20.133333333333333,13.071428571428571
원더풀키티,20.0,7.0
원더풀타이쿤,20.133333333333333,2.1666666666666665
원더풀트루스,29.18421052631579,26.0625
원더풀티지,23.25,10.226854813421516
원더풀퍼지,20.133333333333333,5.0
원더풀하와이,20.133333333333333,23.071428571428573
원더풀화성,11.0,6.111111111111111
원모어러시,31.105263157894736,10.226854813421516
원스피어,15.090909090909092,10.226854813421516
원앤온리,19.0,3.0833333333333335
원지,22.1,20.27777777777778
원퍼트,16.0,10.115384615384615
원평가속,23.09090909090909,3.125
원평광야,15.090909090909092,11.090909090909092
원평버드,20.133333333333333,13.0
원평축제,20.133333333333333,21.153846153846153
원평코드,23.09090909090909,19.0
원평퀸,17.142857142857142,8.076923076923077
원평킬라,18.133333333333333,10.226854813421516
원평타운,14.2,10.226854813421516
월드레이서,14.142857142857142,19.09090909090909
월드참,29.18421052631579,18.037037037037038
월드킹맨,23.09090909090909,7.083333333333333
월드플레이,5.428571428571429,14.266666666666667
웰빙챔피언,24.066666666666666,3.3333333333333335
위너골드,26.0,0.25
위너드래건,23.09090909090909,5.153846153846154
위너브라운,18.071428571428573,25.09090909090909
위너블루,16.0,12.217391304347826
위너영,11.0,6.0
위너이즈웰,26.0625,5.0
위너콜,28.066666666666666,2.0
위너콰드릴,26.0625,10.226854813421516
위너템플러,10.0,9.0
위대한군주,9.285714285714286,8.0
위대한한마,19.0,15.055555555555555
위시미,26.26086956521739,8.142857142857142
위즈모멘트,23.09090909090909,5.2
위즈업,23.09090909090909,10.226854813421516
유니콘알파,20.071428571428573,10.226854813421516
유니콘킹덤,16.2,10.226854813421516
유니콘히트,31.105263157894736,6.0
유레카,6.0,36.189189189189186
유로강자,20.0,2.1052631578947367
유정챔프,16.0,2.0
유쾌한날들,19.0,21.185185185185187
유쾌한사랑,16.0,17.2
유쾌한선택,22.266666666666666,13.090909090909092
은성마루,23.09090909090909,10.226854813421516
은성사랑,24.066666666666666,20.136363636363637
은파마운틴,24.066666666666666,10.226854813421516
은파챔피언,19.0,29.107142857142858
은혜,23.09090909090909,2.25
은혜가문,9.2,15.133333333333333
은혜드림,15.090909090909092,17.058823529411764
은혜레코드,24.066666666666666,10.226854813421516
은혜서브,20.181818181818183,8.23076923076923
은혜충만,19.133333333333333,10.1
은혜파도,11.0,10.226854813421516
이글포인트,14.0,8.090909090909092
이너피스,6.0,9.222222222222221
이다나은,24.066666666666666,8.0
이무기,11.0,10.226854813421516
이스트매직,16.0,19.05263157894737
이스트반,12.125,10.226854813421516
이스트임팩트,31.105263157894736,5.153846153846154
이스트제트,19.0625,10.226854813421516
이스트트로스,14.0,10.226854813421516
이천쌀,14.083333333333334,28.083333333333332
이터널메모리,19.0625,10.226854813421516
인듀어런스,20.1,14.129032258064516
인디언의별,19.0,21.11111111111111
인빅터스,14.0,10.226854813421516
인천캡틴,12.2,10.226854813421516
일격필살,31.105263157894736,5.090909090909091
일마레,20.0,10.226854813421516
임페리얼본,11.0,13.125
자이언트인디,17.142857142857142,0.1
자이언트킬링,17.142857142857142,3.0526315789473686
자이언트펀치,14.0,5.0
작두콩,16.0,20.076923076923077
장군별,23.09090909090909,9.071428571428571
장비무지개,19.0,16.214285714285715
장산가드,5.428571428571429,19.0
장산레이저,23.09090909090909,27.1875
장산몬스터,20.0,10.226854813421516
장산미사일,33.04761904761905,5.142857142857143
장산바다,16.0,5.136363636363637
장산스타트,15.25,10.226854813421516
장산탱크,33.04761904761905,15.136363636363637
장산포에버,14.0,8.0
장산포이즌,9.0,2.571428571428571
장산플라이,5.428571428571429,3.1666666666666665
장수나봄,16.0,6.0
장흥클래스,20.181818181818183,8.333333333333334
전정사금,11.0,10.226854813421516
정문볼트,19.0,5.1
정문사이,19.133333333333333,10.226854813421516
정문에이스,13.076923076923077,13.192307692307692
정문최강,16.0,10.226854813421516
정문파파고,31.105263157894736,10.226854813421516
정상럭키,24.3125,10.226854813421516
정상스타,29.18421052631579,10.226854813421516
정상제트,11.333333333333334,5.142857142857143
정상킹덤,29.076923076923077,8.0
정상파이팅,19.0,10.226854813421516
정우도다샤,17.142857142857142,2.111111111111111
정우포에버,17.142857142857142,21.102564102564102
정우플라잉,5.428571428571429,10.125
제다이,31.105263157894736,3.0526315789473686
제다이포스,29.105263157894736,3.0
제로백파이브,16.0,19.032258064516128
제로백포,15.090909090909092,7.4
제왕의별,26.26086956521739,20.27777777777778
제우시대,31.105263157894736,0.4
제이에스군주,6.6,4.111111111111111
제이에스군황,11.0,11.28
제이트로스,31.105263157894736,9.0
제이피닉스,16.0,3.0526315789473686
제주의요정,13.142857142857142,16.1
제주의흑선,15.1,11.047619047619047
제타마스터,29.18421052631579,7.0625
젤로스,16.0,20.307692307692307
조우니가,35.0,5.0
조이브라더,31.105263157894736,21.15625
좋은관계,24.3125,14.117647058823529
주몽천하,31.105263157894736,17.2
주얼리베스트,15.090909090909092,25.076923076923077
중추부사,5.428571428571429,3.125
지금여기에,24.066666666666666,22.08823529411765
지모션,36.130434782608695,9.153846153846153
지산군,24.066666666666666,15.125
지스타,23.09090909090909,6.148148148148148
질주대세,4.0,3.0833333333333335
질주본,22.09090909090909,20.161290322580644
질주에바다,22.09090909090909,10.226854813421516
질주의꿈,11.142857142857142,0.3333333333333333
질주의칸,31.105263157894736,21.047619047619047
질풍한별,6.0,5.142857142857143
짜릿한자유,24.066666666666666,19.24137931034483
짱콩,23.25,51.19512195121951
차돌런,21.082240385294405,2.3333333333333335
차이밍보이,31.105263157894736,22.02857142857143
찬란한날,20.133333333333333,29.085714285714285
찬란한불꽃,19.0,29.11904761904762
찬란한폭풍,20.133333333333333,3.111111111111111
참좋은친구,24.3125,8.0
채플프린세스,13.142857142857142,27.16216216216216
챈슬러,11.0,3.5
챌린지삭스,16.0,33.17391304347826
챔피언가문,11.0,26.17241379310345
챔피언함성,15.090909090909092,9.15
천군,35.0,10.226854813421516
천년의바람,19.133333333333333,14.0
천둥세자,44.09375,21.13157894736842
천둥오름,23.0,15.23076923076923
천리총,19.0,8.15
천마비상,35.0,10.0
천마챗,22.09090909090909,56.3134328358209
천비성,31.105263157894736,8.04
천사박,16.3,8.08695652173913
천송이,6.0,15.117647058823529
천운챗,20.1,9.066666666666666
천은총,6.0,5.076923076923077
천존챗,15.0,35.121212121212125
천지광풍,3.0,6.2
천지여걸,19.133333333333333,15.136363636363637
천지의빛,20.133333333333333,2.5
청담지니,34.05263157894737,10.226854813421516
청담탱크,26.26086956521739,29.12121212121212
청산강호,23.09090909090909,10.226854813421516
청산영웅,23.09090909090909,0.3333333333333333
청춘비바,22.083333333333332,10.226854813421516
초인강자,23.09090909090909,17.103448275862068
초인스파크,31.105263157894736,11.153846153846153
초토마,31.153846153846153,10.226854813421516
최강게임,20.133333333333333,30.11627906976744
최강돌풍,31.105263157894736,10.226854813421516
최강미래,31.105263157894736,10.226854813421516
최강블랙,20.133333333333333,13.125
최강블레이드,11.0,10.226854813421516
최강장산,16.0,34.0
최강퀸,31.105263157894736,19.15
최강파티,23.09090909090909,37.096774193548384
최강현마,16.0,6.0
최고레이스,20.166666666666668,10.226854813421516
최고블랙,29.18421052631579,10.226854813421516
최고포인트,17.142857142857142,8.3125
춘산,11.0,19.2
치프인디,17.142857142857142,23.28
카우보이킹,31.105263157894736,17.181818181818183
카우보이탱고,31.105263157894736,23.085714285714285
카지노스타,14.090909090909092,24.140350877192983
캐츠아이,23.0,15.23076923076923
캐츠우먼,23.0,5.4
캔디여왕,20.133333333333333,10.226854813421516
캠프세이버,16.0,10.125
캡틴브라보,20.181818181818183,10.226854813421516
컴플리트럭키,23.09090909090909,14.133333333333333
컴플리트레벨,17.142857142857142,12.0
컴플리트밸류,15.090909090909092,5.0
컴플리트엔젤,19.0,16.1
컴플리트웨펀,19.0,11.0
컴플리트조이,16.0,14.285714285714286
컴플리트캡틴,16.0,6.2
컴플리트타임,16.0,18.142857142857142
컴플리트포스,19.0625,5.0
케이빅토리,17.142857142857142,31.02777777777778
케이엔라이트,29.18421052631579,9.0
케이엔매직,9.0,6.0
케이엔스케치,5.428571428571429,10.066666666666666
케이엔언더킹,13.26923076923077,0.16666666666666666
케이엔올드퀸,16.0,49.13953488372093
케이엔티즈원,11.0,17.11764705882353
케이엔포스트,23.09090909090909,10.23076923076923
케이톱킹,26.26086956521739,23.0625
케이프렌지,23.09090909090909,16.17948717948718
코브라볼,16.0,12.11111111111111
코스모,16.0,16.115384615384617
코스모퀸,19.0,21.083333333333332
코스모킹,22.09090909090909,19.0
콜조이,24.066666666666666,7.2105263157894735
콩코드스파크,14.0,14.052631578947368
콩코드스퍼트,31.105263157894736,11.172413793103448
콩코드퀸,14.0,7.0
콰이어트참,31.105263157894736,10.226854813421516
쾌향,19.0,3.0
쿠레레쿠스,20.1,10.226854813421516
쿨프린세스,16.0,7.142857142857143
퀴클리런,17.142857142857142,10.226854813421516
퀵실버,24.066666666666666,2.3
퀵실버키튼,35.0,10.226854813421516
퀸오브레이싱,31.105263157894736,5.0
퀸오브베스트,20.133333333333333,10.226854813421516
퀸즈투어,5.428571428571429,15.11111111111111
큐피드가이,16.2,8.0
큐피드미션,25.095238095238095,16.083333333333332
큐피드베이브,19.0,10.226854813421516
큐피드보우,14.166666666666666,10.226854813421516
큐피드비상,6.0,16.0
큐피드스윙,11.0,5.25
큐피드와우,15.090909090909092,11.043478260869565
큐피드워리어,6.0,24.0625
큐피드원더,22.09090909090909,11.0
큐피드웨이,17.142857142857142,12.121212121212121
큐피드점보,31.105263157894736,8.444444444444445
큐피드챔프,11.0,3.090909090909091
큐피드코리아,22.09090909090909,9.105263157894736
크레이지러브,24.3125,5.108108108108108
크로마이트,23.0,8.181818181818182
클라우드나인,72.09803921568627,19.2
클라우터,22.09090909090909,8.03225806451613
클래스희망,31.105263157894736,5.375
클래식스타,23.0,3.0
클레어베스트,16.0,28.12
클레어파워,29.18421052631579,14.095238095238095
클로버파티,15.090909090909092,17.217391304347824
클리어검,19.0625,14.2
클린업샤인,15.0,11.2
클린업해피,20.0,10.226854813421516
킹덤스톰,25.227272727272727,13.107142857142858
킹마운틴,22.09090909090909,11.0
킹스아이,23.0,10.226854813421516
킹심바,5.428571428571429,10.226854813421516
킹아너,20.181818181818183,16.043478260869566
킹에이스,29.18421052631579,7.0
킹칸모르,19.0,9.210526315789474
킹칼레,20.2,5.2
타라타라타라,20.2,14.2
타우루스퀸,17.142857142857142,6.15
타이탄삭스,20.133333333333333,10.226854813421516
탁트인,19.0,2.3333333333333335
탄산,32.08,3.2222222222222223
탑퀄리티,18.0,3.3333333333333335
태양타고,18.0,22.151515151515152
탭다운,19.11764705882353,10.226854813421516
탱자,19.0,21.125
터치나인,24.157894736842106,3.142857142857143
터프가이,23.09090909090909,9.173913043478262
터프맨,17.142857142857142,5.111111111111111
터프여제,17.142857142857142,2.3333333333333335
테스조이,29.18421052631579,15.066666666666666
테이크머니,17.142857142857142,3.0
테이크뮤직,17.142857142857142,14.153846153846153
텐배거,31.105263157894736,15.208333333333334
토루크막토,22.09090909090909,3.125
토호스카이,20.181818181818183,42.15384615384615
톱시드,31.055555555555557,10.226854813421516
톱클래스,16.0,10.226854813421516
톱포지션,31.105263157894736,10.226854813421516
투게더웨이,19.0,10.226854813421516
투어퀸,11.0,21.05
투에이스,36.0,6.428571428571429
투투키튼,24.066666666666666,5.1
투혼기상,19.0,13.1
트레비트,5.428571428571429,17.055555555555557
트로트퀸,6.0,19.24137931034483
트로팅라일리,6.0,6.0
트리플킹덤,22.19047619047619,5.25
특별,13.26923076923077,17.0
티나,22.09090909090909,10.226854813421516
티시패밀리,28.05,10.226854813421516
티즈로켓,23.25,12.125
티즈바로우즈,23.25,23.225806451612904
티즈블랙,20.11111111111111,10.226854813421516
티즈석세스,23.25,21.130434782608695
티즈에너지,8.125,10.226854813421516
티즈인디,17.142857142857142,8.0
티즈파이팅,11.0,10.0
티즈헌터,23.25,21.12
티케이데이,24.3125,3.142857142857143
티케파이어,26.153846153846153,1.0
티파니블루,31.105263157894736,23.0625
파르키우스,29.18421052631579,10.226854813421516
파워돌풍,11.0,7.0
파워박스,26.26086956521739,10.226854813421516
파워케이,15.090909090909092,9.266666666666667
파워타워,19.0,17.11764705882353
파워풀삭스,11.0,13.148148148148149
파워풀화성,23.0,7.1
파워플레이,31.105263157894736,12.333333333333334
파이널참,11.0,9.142857142857142
파이널축제,15.090909090909092,21.11764705882353
파이어걸,17.1,16.055555555555557
파이어로드,14.142857142857142,5.133333333333334
파이어파워,11.0,11.105263157894736
파이팅대디,14.0,6.181818181818182
파인캠프,14.0,12.272727272727273
파인팜,19.0,11.363636363636363
파크윈,18.0,18.037037037037038
파티파워,15.23076923076923,0.14285714285714285
팍스누리,21.214285714285715,10.226854813421516
패스트트랙,17.142857142857142,23.275
퍼미션투윈,20.1,10.226854813421516
퍼스트드림,17.125,10.0
퍼스트슈,24.210526315789473,27.041666666666668
퍼지데이,20.133333333333333,12.368421052631579
퍼펙트건맨,16.0,3.142857142857143
퍼펙트타임,16.0,11.23076923076923
퍼펙트파워,5.428571428571429,35.06382978723404
퍼플스톰,20.181818181818183,16.0
퍼플케이,23.09090909090909,10.1
펀크레이지,31.105263157894736,5.0
페더럴캣,23.0,0.17647058823529413
페더럴킹,23.0,10.226854813421516
포사포사,17.142857142857142,31.02777777777778
포에버드림,21.0,13.142857142857142
포에버칸,20.181818181818183,23.08823529411765
포에이스,24.3125,10.226854813421516
포춘룰즈,31.105263157894736,10.226854813421516
포트스원,22.09090909090909,5.0
폭스파워,19.0,14.083333333333334
푸른요정,44.09375,13.0
풀부스터,18.22222222222222,10.226854813421516
퓨리오사,31.105263157894736,5.0
프리맥스,20.166666666666668,36.225
플라이스타,26.26086956521739,33.26470588235294
플라이제니,17.142857142857142,23.0625
플라잉골드,31.105263157894736,7.125
플라잉바비,18.0,13.217391304347826
플라잉아테나,16.0,10.226854813421516
플라잉점프,20.133333333333333,15.055555555555555
플라잉풀문,16.0,2.3333333333333335
플래시선더,14.0,9.0
플래티넘유로,20.0,18.0
플랜비,20.133333333333333,18.09090909090909
플로리다파워,29.076923076923077,28.0
피닉스서브,20.181818181818183,16.25925925925926
피렌체힐,13.142857142857142,7.15
피어나다,11.0,15.181818181818182
피엔에스갬블,20.181818181818183,6.0
피엔에스골드,13.125,10.226854813421516
피엔에스더킹,23.09090909090909,2.0
피엔에스럭키,13.26923076923077,12.181818181818182
피엔에스룩,11.142857142857142,8.3
피엔에스린,31.105263157894736,15.117647058823529
피엔에스빌,50.166666666666664,10.226854813421516
피엔에스싱,23.09090909090909,29.176470588235293
피엔에스아이,31.105263157894736,6.0
피엔에스안,6.0,28.097560975609756
피엔에스얀,23.09090909090909,17.142857142857142
피엔에스찬스,31.105263157894736,22.066666666666666
피엔에스탑,17.142857142857142,70.125
피엔에스헐,16.0,9.157894736842104
하늘아,31.105263157894736,5.0
하니,20.11111111111111,16.142857142857142
하얀왕자,23.09090909090909,8.0
하이그랜드,44.09375,13.058823529411764
하이러너,12.181818181818182,12.066666666666666
하이로드,15.307692307692308,6.055555555555555
하이파크,20.181818181818183,3.125
하이퍼카,49.12,5.222222222222222
하이하이,24.22222222222222,10.142857142857142
한강돌풍,11.0,5.285714285714286
한강매직,24.157894736842106,11.142857142857142
한강뮤직,14.0,5.285714285714286
한강보스,31.105263157894736,6.2
한강스카이,23.0,10.226854813421516
한강에이스,20.214285714285715,10.226854813421516
한강의기상,31.105263157894736,8.04
한강지존,31.105263157894736,13.277777777777779
한강질주,23.09090909090909,6.333333333333333
한강챔프,29.076923076923077,9.125
한강파워,31.105263157894736,11.0
한강히어로,17.142857142857142,8.19047619047619
함평여왕,23.25,22.097560975609756
함평파이터,32.08,4.333333333333333
항구스타,29.18421052631579,15.166666666666666
해들뫼,29.18421052631579,22.25925925925926
해피나이스,22.09090909090909,20.19047619047619
해피믹스,58.15151515151515,10.226854813421516
해피삭스,11.0,21.185185185185187
해피선샤인,19.0,0.058823529411764705
해피홀리데이,22.266666666666666,19.136363636363637
햇무리,24.066666666666666,22.033333333333335
행복왕자,8.0,8.090909090909092
행복한문막,31.105263157894736,5.111111111111111
행복한버미,15.090909090909092,28.225806451612904
허니펀치,15.090909090909092,10.226854813421516
허밍버드,31.105263157894736,9.333333333333334
허쉬대보,29.18421052631579,23.071428571428573
헌터블레이드,23.0,16.133333333333333
헤라블레이드,20.133333333333333,14.142857142857142
헤이마마,31.105263157894736,15.142857142857142
헤이큐피드,23.0,15.222222222222221
호크의영광,25.0,10.226854813421516
호크프린스,14.0,19.1
홀리데이참,22.09090909090909,12.15
홀리스타,24.210526315789473,25.040816326530614
화랑투데이,31.105263157894736,10.226854813421516
화수분,31.105263157894736,10.226854813421516
화씨벽,31.105263157894736,16.05263157894737
화이트위치,14.0,20.05
화이트윙,14.0,10.226854813421516
화이트참,31.105263157894736,13.125
화이트코멧,11.0,10.10344827586207
화이트퀸,19.0,3.0526315789473686
황금달빛,5.428571428571429,15.107142857142858
황금럭키,12.125,6.0
황금천지,6.0,6.09375
황금해,13.142857142857142,3.1333333333333333
황우강자,19.0,18.05
회두령,14.0,10.226854813421516
후이넘,44.09375,17.115384615384617
휘파람,23.0,15.105263157894736
흑룡가무,31.105263157894736,7.25
흑전사,37.172413793103445,28.125
흥드림,29.18421052631579,4.166666666666667
흥록대부,9.0,10.226854813421516
흥바라기,16.0,5.0
흥복드림,20.153846153846153,8.090909090909092
흥행질주,5.428571428571429,10.226854813421516
희망가득,19.133333333333333,16.11764705882353
희망오름,72.09803921568627,13.1
희망워리어,26.153846153846153,12.083333333333334
희망챔프,13.26923076923077,10.11111111111111
히든돌풍,23.133333333333333,10.226854813421516
히든블레이드,16.0,34.0
히든삭스,9.0,10.226854813421516
히어로사랑,32.08,18.11111111111111
히어로퀸,6.0,15.117647058823529
히트에이스,23.09090909090909,21.041666666666668
히트파워,16.0,17.166666666666668
